{
    "$schema": "https://schema.management.azure.com/schemas/2015-01-01/deploymentParameters.json#",
    "contentVersion": "1.0.0.0",
    "parameters": {
        "sites_azurechatbottestlang1_bot_d2cc_name": {
            "value": null
        },
        "storageAccounts_azurechatbotstoragetest_name": {
            "value": null
        },
        "botServices_azurechatbottestlang1_bot_name": {
            "value": null
        },
        "accounts_azurechatbottestlang1_name": {
            "value": null
        },
        "serverfarms_azurechatbottestlang1_serverfarm_2fae0a_name": {
            "value": null
        },
        "searchServices_azurechatbottestlang1_aswxfcrixd3jlq2_name": {
            "value": null
        },
        "userAssignedIdentities_azurechatbottestlang1_bot_name": {
            "value": null
        }
    }
}