{
    "$schema": "https://schema.management.azure.com/schemas/2019-04-01/deploymentTemplate.json#",
    "contentVersion": "1.0.0.0",
    "parameters": {
        "sites_azurechatbottestlang1_bot_d2cc_name": {
            "defaultValue": "azurechatbottestlang1-bot-d2cc",
            "type": "String"
        },
        "storageAccounts_azurechatbotstoragetest_name": {
            "defaultValue": "azurechatbotstoragetest",
            "type": "String"
        },
        "botServices_azurechatbottestlang1_bot_name": {
            "defaultValue": "azurechatbottestlang1-bot",
            "type": "String"
        },
        "accounts_azurechatbottestlang1_name": {
            "defaultValue": "azurechatbottestlang1",
            "type": "String"
        },
        "serverfarms_azurechatbottestlang1_serverfarm_2fae0a_name": {
            "defaultValue": "azurechatbottestlang1-serverfarm-2fae0a",
            "type": "String"
        },
        "searchServices_azurechatbottestlang1_aswxfcrixd3jlq2_name": {
            "defaultValue": "azurechatbottestlang1-aswxfcrixd3jlq2",
            "type": "String"
        },
        "userAssignedIdentities_azurechatbottestlang1_bot_name": {
            "defaultValue": "azurechatbottestlang1-bot",
            "type": "String"
        }
    },
    "variables": {},
    "resources": [
        {
            "type": "Microsoft.ManagedIdentity/userAssignedIdentities",
            "apiVersion": "2023-01-31",
            "name": "[parameters('userAssignedIdentities_azurechatbottestlang1_bot_name')]",
            "location": "eastus"
        },
        {
            "type": "Microsoft.Search/searchServices",
            "apiVersion": "2022-09-01",
            "name": "[parameters('searchServices_azurechatbottestlang1_aswxfcrixd3jlq2_name')]",
            "location": "East US",
            "sku": {
                "name": "free"
            },
            "properties": {
                "replicaCount": 1,
                "partitionCount": 1,
                "hostingMode": "Default",
                "publicNetworkAccess": "Enabled",
                "networkRuleSet": {
                    "ipRules": []
                },
                "encryptionWithCmk": {},
                "disableLocalAuth": false,
                "authOptions": {
                    "apiKeyOnly": {}
                }
            }
        },
        {
            "type": "Microsoft.Storage/storageAccounts",
            "apiVersion": "2022-09-01",
            "name": "[parameters('storageAccounts_azurechatbotstoragetest_name')]",
            "location": "eastus",
            "sku": {
                "name": "Standard_RAGRS",
                "tier": "Standard"
            },
            "kind": "StorageV2",
            "properties": {
                "dnsEndpointType": "Standard",
                "defaultToOAuthAuthentication": false,
                "publicNetworkAccess": "Enabled",
                "allowCrossTenantReplication": false,
                "isSftpEnabled": false,
                "minimumTlsVersion": "TLS1_2",
                "allowBlobPublicAccess": true,
                "allowSharedKeyAccess": true,
                "isHnsEnabled": true,
                "networkAcls": {
                    "bypass": "AzureServices",
                    "virtualNetworkRules": [],
                    "ipRules": [],
                    "defaultAction": "Allow"
                },
                "supportsHttpsTrafficOnly": true,
                "encryption": {
                    "requireInfrastructureEncryption": false,
                    "services": {
                        "file": {
                            "keyType": "Account",
                            "enabled": true
                        },
                        "table": {
                            "keyType": "Account",
                            "enabled": true
                        },
                        "queue": {
                            "keyType": "Account",
                            "enabled": true
                        },
                        "blob": {
                            "keyType": "Account",
                            "enabled": true
                        }
                    },
                    "keySource": "Microsoft.Storage"
                },
                "accessTier": "Hot"
            }
        },
        {
            "type": "Microsoft.Web/serverfarms",
            "apiVersion": "2022-09-01",
            "name": "[parameters('serverfarms_azurechatbottestlang1_serverfarm_2fae0a_name')]",
            "location": "East US",
            "sku": {
                "name": "S1",
                "tier": "Standard",
                "size": "S1",
                "family": "S",
                "capacity": 1
            },
            "kind": "app",
            "properties": {
                "perSiteScaling": false,
                "elasticScaleEnabled": false,
                "maximumElasticWorkerCount": 1,
                "isSpot": false,
                "reserved": false,
                "isXenon": false,
                "hyperV": false,
                "targetWorkerCount": 0,
                "targetWorkerSizeId": 0,
                "zoneRedundant": false
            }
        },
        {
            "type": "Microsoft.BotService/botServices",
            "apiVersion": "2022-09-15",
            "name": "[parameters('botServices_azurechatbottestlang1_bot_name')]",
            "location": "global",
            "dependsOn": [
                "[resourceId('Microsoft.ManagedIdentity/userAssignedIdentities', parameters('userAssignedIdentities_azurechatbottestlang1_bot_name'))]"
            ],
            "tags": {
                "WebAppLinked": "true"
            },
            "sku": {
                "name": "S1"
            },
            "kind": "azurebot",
            "properties": {
                "displayName": "[parameters('botServices_azurechatbottestlang1_bot_name')]",
                "iconUrl": "https://docs.botframework.com/static/devportal/client/images/bot-framework-default.png",
                "endpoint": "[concat('https://', parameters('botServices_azurechatbottestlang1_bot_name'), '-d2cc.azurewebsites.net/api/messages')]",
                "msaAppId": "d53bd6c8-8fc2-4210-bba0-0b4cc3765c13",
                "msaAppTenantId": "83ab2044-5060-4b7a-aec1-d4a3c443871c",
                "msaAppType": "UserAssignedMSI",
                "msaAppMSIResourceId": "[resourceId('Microsoft.ManagedIdentity/userAssignedIdentities', parameters('userAssignedIdentities_azurechatbottestlang1_bot_name'))]",
                "luisAppIds": [],
                "isStreamingSupported": false,
                "schemaTransformationVersion": "1.3",
                "tenantId": "83ab2044-5060-4b7a-aec1-d4a3c443871c",
                "isCmekEnabled": false,
                "disableLocalAuth": false
            }
        },
        {
            "type": "Microsoft.BotService/botServices/channels",
            "apiVersion": "2022-09-15",
            "name": "[concat(parameters('botServices_azurechatbottestlang1_bot_name'), '/DirectLineChannel')]",
            "location": "global",
            "dependsOn": [
                "[resourceId('Microsoft.BotService/botServices', parameters('botServices_azurechatbottestlang1_bot_name'))]"
            ],
            "properties": {
                "properties": {
                    "sites": [
                        {
                            "siteName": "Default Site",
                            "isEnabled": true,
                            "isV1Enabled": true,
                            "isV3Enabled": true,
                            "isSecureSiteEnabled": false,
                            "isBlockUserUploadEnabled": false
                        }
                    ],
                    "extensionKey1": "KQGkts4AVlg.oIkGJupjI3bP5EYghEdYmURIthenhi-nC5DCBaN5wlM",
                    "extensionKey2": "KQGkts4AVlg.i48C50TlQoxHBdYcE4lg5kEJWhiJFYQsVQ1ZHTIxllU"
                },
                "etag": "W/\"1efa683663db7465d859e0bc228c19c18/7/2023 1:35:14 PM\"",
                "channelName": "DirectLineChannel",
                "location": "global"
            }
        },
        {
            "type": "Microsoft.BotService/botServices/channels",
            "apiVersion": "2022-09-15",
            "name": "[concat(parameters('botServices_azurechatbottestlang1_bot_name'), '/WebChatChannel')]",
            "location": "global",
            "dependsOn": [
                "[resourceId('Microsoft.BotService/botServices', parameters('botServices_azurechatbottestlang1_bot_name'))]"
            ],
            "properties": {
                "properties": {
                    "sites": [
                        {
                            "siteName": "Default Site",
                            "isEnabled": true,
                            "isWebchatPreviewEnabled": true,
                            "isBlockUserUploadEnabled": false
                        }
                    ]
                },
                "etag": "W/\"d169c7bb8374a074b974f4e3b82951ab8/7/2023 1:35:14 PM\"",
                "channelName": "WebChatChannel",
                "location": "global"
            }
        },
        {
            "type": "Microsoft.CognitiveServices/accounts",
            "apiVersion": "2023-05-01",
            "name": "[parameters('accounts_azurechatbottestlang1_name')]",
            "location": "eastus",
            "dependsOn": [
                "[resourceId('Microsoft.Search/searchServices', parameters('searchServices_azurechatbottestlang1_aswxfcrixd3jlq2_name'))]"
            ],
            "sku": {
                "name": "F0"
            },
            "kind": "TextAnalytics",
            "identity": {
                "type": "SystemAssigned"
            },
            "properties": {
                "apiProperties": {
                    "qnaAzureSearchEndpointId": "[resourceId('Microsoft.Search/searchServices', parameters('searchServices_azurechatbottestlang1_aswxfcrixd3jlq2_name'))]"
                },
                "customSubDomainName": "[parameters('accounts_azurechatbottestlang1_name')]",
                "networkAcls": {
                    "defaultAction": "Allow",
                    "virtualNetworkRules": [],
                    "ipRules": []
                },
                "publicNetworkAccess": "Enabled"
            }
        },
        {
            "type": "Microsoft.Storage/storageAccounts/blobServices",
            "apiVersion": "2022-09-01",
            "name": "[concat(parameters('storageAccounts_azurechatbotstoragetest_name'), '/default')]",
            "dependsOn": [
                "[resourceId('Microsoft.Storage/storageAccounts', parameters('storageAccounts_azurechatbotstoragetest_name'))]"
            ],
            "sku": {
                "name": "Standard_RAGRS",
                "tier": "Standard"
            },
            "properties": {
                "containerDeleteRetentionPolicy": {
                    "enabled": true,
                    "days": 7
                },
                "cors": {
                    "corsRules": []
                },
                "deleteRetentionPolicy": {
                    "allowPermanentDelete": false,
                    "enabled": true,
                    "days": 7
                }
            }
        },
        {
            "type": "Microsoft.Storage/storageAccounts/fileServices",
            "apiVersion": "2022-09-01",
            "name": "[concat(parameters('storageAccounts_azurechatbotstoragetest_name'), '/default')]",
            "dependsOn": [
                "[resourceId('Microsoft.Storage/storageAccounts', parameters('storageAccounts_azurechatbotstoragetest_name'))]"
            ],
            "sku": {
                "name": "Standard_RAGRS",
                "tier": "Standard"
            },
            "properties": {
                "protocolSettings": {
                    "smb": {}
                },
                "cors": {
                    "corsRules": []
                },
                "shareDeleteRetentionPolicy": {
                    "enabled": true,
                    "days": 7
                }
            }
        },
        {
            "type": "Microsoft.Storage/storageAccounts/queueServices",
            "apiVersion": "2022-09-01",
            "name": "[concat(parameters('storageAccounts_azurechatbotstoragetest_name'), '/default')]",
            "dependsOn": [
                "[resourceId('Microsoft.Storage/storageAccounts', parameters('storageAccounts_azurechatbotstoragetest_name'))]"
            ],
            "properties": {
                "cors": {
                    "corsRules": []
                }
            }
        },
        {
            "type": "Microsoft.Storage/storageAccounts/tableServices",
            "apiVersion": "2022-09-01",
            "name": "[concat(parameters('storageAccounts_azurechatbotstoragetest_name'), '/default')]",
            "dependsOn": [
                "[resourceId('Microsoft.Storage/storageAccounts', parameters('storageAccounts_azurechatbotstoragetest_name'))]"
            ],
            "properties": {
                "cors": {
                    "corsRules": []
                }
            }
        },
        {
            "type": "Microsoft.Web/sites",
            "apiVersion": "2022-09-01",
            "name": "[parameters('sites_azurechatbottestlang1_bot_d2cc_name')]",
            "location": "East US",
            "dependsOn": [
                "[resourceId('Microsoft.Web/serverfarms', parameters('serverfarms_azurechatbottestlang1_serverfarm_2fae0a_name'))]"
            ],
            "kind": "app",
            "identity": {
                "type": "UserAssigned",
                "userAssignedIdentities": {
                    "/subscriptions/c61fae2b-c863-484e-9473-edd88d4b12af/resourcegroups/Azurechatbottest/providers/Microsoft.ManagedIdentity/userAssignedIdentities/azurechatbottestlang1-bot": {}
                }
            },
            "properties": {
                "enabled": true,
                "hostNameSslStates": [
                    {
                        "name": "[concat(parameters('sites_azurechatbottestlang1_bot_d2cc_name'), '.azurewebsites.net')]",
                        "sslState": "Disabled",
                        "hostType": "Standard"
                    },
                    {
                        "name": "[concat(parameters('sites_azurechatbottestlang1_bot_d2cc_name'), '.scm.azurewebsites.net')]",
                        "sslState": "Disabled",
                        "hostType": "Repository"
                    }
                ],
                "serverFarmId": "[resourceId('Microsoft.Web/serverfarms', parameters('serverfarms_azurechatbottestlang1_serverfarm_2fae0a_name'))]",
                "reserved": false,
                "isXenon": false,
                "hyperV": false,
                "vnetRouteAllEnabled": false,
                "vnetImagePullEnabled": false,
                "vnetContentShareEnabled": false,
                "siteConfig": {
                    "numberOfWorkers": 1,
                    "acrUseManagedIdentityCreds": false,
                    "alwaysOn": false,
                    "http20Enabled": false,
                    "functionAppScaleLimit": 0,
                    "minimumElasticInstanceCount": 0
                },
                "scmSiteAlsoStopped": false,
                "clientAffinityEnabled": true,
                "clientCertEnabled": false,
                "clientCertMode": "Required",
                "hostNamesDisabled": false,
                "customDomainVerificationId": "D6ABFA31AEA78BB9E46849636A6B4745D264B9FC96B627EBF8CA0AF84B1F00BE",
                "containerSize": 0,
                "dailyMemoryTimeQuota": 0,
                "httpsOnly": false,
                "redundancyMode": "None",
                "storageAccountRequired": false,
                "keyVaultReferenceIdentity": "SystemAssigned"
            }
        },
        {
            "type": "Microsoft.Web/sites/basicPublishingCredentialsPolicies",
            "apiVersion": "2022-09-01",
            "name": "[concat(parameters('sites_azurechatbottestlang1_bot_d2cc_name'), '/ftp')]",
            "location": "East US",
            "dependsOn": [
                "[resourceId('Microsoft.Web/sites', parameters('sites_azurechatbottestlang1_bot_d2cc_name'))]"
            ],
            "properties": {
                "allow": true
            }
        },
        {
            "type": "Microsoft.Web/sites/basicPublishingCredentialsPolicies",
            "apiVersion": "2022-09-01",
            "name": "[concat(parameters('sites_azurechatbottestlang1_bot_d2cc_name'), '/scm')]",
            "location": "East US",
            "dependsOn": [
                "[resourceId('Microsoft.Web/sites', parameters('sites_azurechatbottestlang1_bot_d2cc_name'))]"
            ],
            "properties": {
                "allow": true
            }
        },
        {
            "type": "Microsoft.Web/sites/config",
            "apiVersion": "2022-09-01",
            "name": "[concat(parameters('sites_azurechatbottestlang1_bot_d2cc_name'), '/web')]",
            "location": "East US",
            "dependsOn": [
                "[resourceId('Microsoft.Web/sites', parameters('sites_azurechatbottestlang1_bot_d2cc_name'))]"
            ],
            "properties": {
                "numberOfWorkers": 1,
                "defaultDocuments": [
                    "Default.htm",
                    "Default.html",
                    "Default.asp",
                    "index.htm",
                    "index.html",
                    "iisstart.htm",
                    "default.aspx",
                    "index.php",
                    "hostingstart.html"
                ],
                "netFrameworkVersion": "v4.0",
                "phpVersion": "5.6",
                "requestTracingEnabled": false,
                "remoteDebuggingEnabled": false,
                "httpLoggingEnabled": false,
                "acrUseManagedIdentityCreds": false,
                "logsDirectorySizeLimit": 35,
                "detailedErrorLoggingEnabled": false,
                "publishingUsername": "$azurechatbottestlang1-bot-d2cc",
                "scmType": "None",
                "use32BitWorkerProcess": true,
                "webSocketsEnabled": true,
                "alwaysOn": false,
                "managedPipelineMode": "Integrated",
                "virtualApplications": [
                    {
                        "virtualPath": "/",
                        "physicalPath": "site\\wwwroot",
                        "preloadEnabled": false
                    }
                ],
                "loadBalancing": "LeastRequests",
                "experiments": {
                    "rampUpRules": []
                },
                "autoHealEnabled": false,
                "vnetRouteAllEnabled": false,
                "vnetPrivatePortsCount": 0,
                "cors": {
                    "allowedOrigins": [
                        "https://ms.portal.azure.com",
                        "https://botservice.hosting.portal.azure.net",
                        "https://botservice-ms.hosting.portal.azure.net",
                        "https://hosting.onecloud.azure-test.net/"
                    ],
                    "supportCredentials": false
                },
                "localMySqlEnabled": false,
                "xManagedServiceIdentityId": 7232,
                "ipSecurityRestrictions": [
                    {
                        "ipAddress": "Any",
                        "action": "Allow",
                        "priority": 2147483647,
                        "name": "Allow all",
                        "description": "Allow all access"
                    }
                ],
                "scmIpSecurityRestrictions": [
                    {
                        "ipAddress": "Any",
                        "action": "Allow",
                        "priority": 2147483647,
                        "name": "Allow all",
                        "description": "Allow all access"
                    }
                ],
                "scmIpSecurityRestrictionsUseMain": false,
                "http20Enabled": false,
                "minTlsVersion": "1.2",
                "scmMinTlsVersion": "1.2",
                "ftpsState": "FtpsOnly",
                "preWarmedInstanceCount": 0,
                "elasticWebAppScaleLimit": 0,
                "functionsRuntimeScaleMonitoringEnabled": false,
                "minimumElasticInstanceCount": 0,
                "azureStorageAccounts": {}
            }
        },
        {
            "type": "Microsoft.Web/sites/hostNameBindings",
            "apiVersion": "2022-09-01",
            "name": "[concat(parameters('sites_azurechatbottestlang1_bot_d2cc_name'), '/', parameters('sites_azurechatbottestlang1_bot_d2cc_name'), '.azurewebsites.net')]",
            "location": "East US",
            "dependsOn": [
                "[resourceId('Microsoft.Web/sites', parameters('sites_azurechatbottestlang1_bot_d2cc_name'))]"
            ],
            "properties": {
                "siteName": "azurechatbottestlang1-bot-d2cc",
                "hostNameType": "Verified"
            }
        }
    ]
}